Date,Euro-free,Euro-bank,Dollar-bank,Dollar-free,Gold
1392/01/05,45500,32032,24590,34600,1335500
1392/01/06,45800,31641,24592,34800,1342300
1392/01/07,45700,31608,24591,34750,1359700
1392/01/10,45500,31524,24589,34600,1343600
1392/01/11,45000,31524,24589,34100,1336600
1392/01/14,44500,31471,24588,34100,1329700
1392/01/17,45950,31950,24595,35400,1360900
1392/02/25,-,-,-,-,-
1392/02/28,45700,31794,24775,35100,1169300
1392/02/29,44300,31794,24775,34850,1134600
1392/02/30,45000,31790,24773,34700,1130000
1392/02/31,45250,31929,24772,34950,1172700
1392/03/01,45800,32018,24775,35450,1220000
1392/03/02,46500,31812,24775,35600,1213100
1392/03/04,46300,32042,24776,35500,1228100
1392/03/05,46700,32042,24776,35950,1267400
1392/03/06,47150,32022,24778,36150,1246600
1392/03/07,47100,31976,24779,36150,1262800
1392/03/08,47650,31871,24780,36650,1250100
1392/03/09,47600,32114,24782,36300,1245400
1392/03/11,47350,32209,24780,36150,1251200
1392/03/12,47450,32209,24780,36500,1244300
1392/03/13,47350,32234,24781,36450,1230400
1392/03/16,48200,32452,24780,37000,1245400
1392/03/18,48600,32756,24782,36800,1238500
1392/03/19,48300,32756,24782,36500,1231600
1392/03/20,48000,32753,24795,36300,1213100
1392/03/21,47900,32926,24785,36000,1192300
1392/03/22,48200,32970,24767,36300,1224700
1392/03/23,48500,33117,24787,36500,1229300
1392/03/25,46500,33097,24797,34700,1160000
1392/03/26,46900,33097,24798,35200,1184300
1392/03/27,46100,33023,24780,34600,1170400
1392/03/28,46200,33120,24795,34600,1183100
1392/03/29,45900,33184,24782,34200,1153100
1392/03/30,44500,32872,24770,33000,1089600
1392/04/1,42600,32492,24770,32000,1033100
1392/04/2,42500,32492,24770,31500,1022700
1392/04/4,42000,32477,24750,32000,989200
1392/04/5,43500,32344,24755,33000,1014600
1392/04/6,44000,32258,24755,33700,1023800
1392/04/8,44100,32254,24785,33300,1015700
1392/04/9,43600,32254,24785,33300,1027300
1392/04/10,44500,32263,24775,33900,1051500
1392/04/11,44000,32063,24787,33800,1061900
1392/04/12,44000,32161,24790,33500,1045100
1392/04/13,43900,32189,24775,33500,1045800
1392/04/15,43500,31797,24779,33400,1019200
1392/04/16,43100,31797,24779,32950,1008800
1392/04/17,43450,31754,24779,33500,1020400
1392/04/18,43100,31877,24783,33100,1011100
1392/04/19,43000,31677,24789,33000,1012300
1392/04/20,43000,32535,24769,32950,1033100
1392/04/22,43500,32335,24787,32950,1026100
1392/04/23,43000,32335,24787,32900,1025000
1392/04/24,42800,32390,24785,32850,1028400
1392/04/25,42750,32395,24787,32700,1027300
1392/04/26,43000,32561,24782,32500,1023800
1392/04/27,42300,32474,24797,32000,1015300
1392/04/29,41200,32580,24792,30950,992660
1392/04/30,41000,32580,24792,31000,985730
1392/04/31,42000,32608,24789,31900,1005400
1392/05/01,41750,32714,24786,31450,1013400
1392/05/02,41750,32742,24788,31400,1018100
1392/05/03,42000,32731,24787,31500,1019200
1392/05/05,42100,32913,24785,31700,1028400
1392/05/06,42600,32913,24785,31900,1042300
1392/05/07,42550,32922,24788,31700,1033100
1392/05/09,42500,32868,24790,31700,1031900
1392/05/10,42500,32893,24789,31800,1025000
1392/05/12,42600,32919,24787,32100,1055000
1392/05/13,43100,32919,24787,32600,1046900
1392/05/14,42800,32909,24789,32000,1032600
1392/05/15,42750,32876,24792,32100,1023400
1392/05/16,42800,32963,24790,32000,1027300
1392/05/17,43000,33064,24791,32300,1033100
1392/05/20,42900,33076,24792,32100,1037700
1392/05/21,42800,33033,24790,32200,1051500
1392/05/22,42900,32996,24794,32300,1040000
1392/05/23,42550,32879,24793,32000,1035400
1392/05/24,42500,32967,24791,31900,1042300
1392/05/26,42450,33044,24794,32100,1058500
1392/05/27,42350,33044,24794,31700,1063100
1392/05/28,42000,33039,24793,31650,1056600
1392/05/29,41500,33088,24790,31250,1042300
1392/05/30,41550,33277,24795,31200,1035400
1392/05/31,41200,33071,24793,31000,1037700
1392/06/2,41300,33175,24796,31450,1058500
1392/06/3,41600,33175,24796,31250,1056100
1392/06/4,41700,33186,24795,31300,1055400
1392/06/5,41700,33173,24802,31350,1079900
1392/06/6,43700,33204,24800,32750,1134600
1392/06/7,43800,33080,24807,32800,1097700
1392/06/9,42900,32808,24812,32550,1117300
1392/06/10,42800,32808,24812,32400,1109200
1392/06/12,43000,32729,24820,32500,1112700
1392/06/13,43900,32696,24835,32600,1138100
1392/06/14,43700,32754,24830,33200,1128900
1392/06/16,43700,32740,24846,33200,1108100
1392/06/17,43800,32800,24846,32740,1113900
1392/06/18,43700,32736,24850,32950,1112700
1392/06/19,43200,32823,24753,32350,1079200
1392/06/20,42600,32832,24744,31800,1057300
1392/6/21,42600,32949,24740,31700,1042300
1392/6/23,42400,32930,24770,31700,1015700
1392/6/24,42500,32930,24770,31800,1020400
1392/6/25,42100,33051,24725,31400,998430
1392/6/26,41500,33045,24786,31000,981120
1392/6/27,41300,33063,24765,30850,979960
1392/6/28,41600,33450,24730,31000,1022700
1392/6/30,40800,33451,24729,30000,959190
1392/6/31,39800,33451,24729,29500,943030
1392/7/1,39700,33452,24732,29500,954570
1392/7/2,39600,33420,24768,29400,946490
1392/7/3,41500,33394,24797,31000,990350
1392/7/4,41500,33531,24791,30700,997280
1392/7/6,41000,33527,24795,30500,991500
1392/7/7,41800,33527,24795,31000,1000700
1392/7/8,41100,33512,24812,30500,990350
1392/7/9,40950,33604,24807,30600,994970
1392/7/10,41100,33579,24835,30500,974190
1392/7/11,41300,33793,24831,30400,979960
1392/7/13,41250,33754,24898,30500,982270
1392/7/14,41400,33754,24898,30650,986890
1392/7/15,41400,33762,24890,30500,983420
1392/7/16,41300,33758,24894,30450,984580
1392/7/17,41300,33765,24887,30400,978810
1392/7/18,41000,33632,24925,30400,977650
1392/7/20,41050,33755,24911,30400,944180
1392/7/21,41100,33755,24911,30400,948800
1392/7/22,41000,33786,24909,30200,958030
1392/7/23,41100,33788,24908,30250,949950
1392/7/27,41400,33999,24841,30300,977650
1392/7/28,41190,33999,24841,30160,974190
1392/7/29,41000,33988,24854,30000,967260
1392/7/30,40980,33980,24863,30500,967260
1392/8/1,41270,34196,24825,30090,976500
1392/8/4,41500,34265,24821,30200,992660
1392/8/5,41500,34265,24821,30100,987580
1392/8/6,41400,34270,24817,30100,988270
1392/8/7,41480,34259,24869,30130,989430
1392/8/8,41400,34232,24919,30100,992660
1392/8/9,41280,34213,24955,30080,983660
1392/8/11,40900,33654,24957,30100,968650
1392/8/12,41000,33654,24957,30160,977650
1392/8/13,41280,33645,24962,30330,973960
1392/8/14,41050,33671,24933,30300,969110
1392/8/15,40850,33686,24917,30160,971420
1392/8/16,40910,33689,24913,30230,969800
1392/8/18,40450,33312,24919,30000,946490
1392/8/19,40650,33312,24919,30290,953640
1392/8/20,40550,33301,24922,30200,950180
1392/8/21,40500,33338,24881,30150,947640
1392/8/25,40650,33472,24799,30150,953410
1392/8/26,40600,33472,24799,30050,946030
1392/8/27,40500,33464,24808,30000,938870
1392/8/28,40450,33509,24805,29950,934480
1392/8/29,40400,33613,24801,30050,932500
1392/8/30,40500,33326,24833,30100,920000
1392/9/2,40600,33654,24822,30000,907240
1392/9/3,39900,33654,24822,29300,849070
1392/9/4,39300,33643,24834,29150,852760
1392/9/5,39850,33625,24847,29750,881850
1392/9/6,39400,33730,24815,29400,881850
1392/9/7,40100,33718,24829,29840,889470
1392/9/9,40200,33730,24815,29600,891080
1392/9/10,40100,33730,24815,29550,896860
1392/9/11,40050,33742,24802,29550,887620
1392/9/12,40000,33594,24826,29400,877230
1392/9/13,40100,33724,24818,29500,875850
1392/9/14,40090,33720,24822,29540,880700
1392/9/16,40300,34002,24809,29450,884620
1392/9/17,40200,34002,24809,29400,887160
1392/9/18,40300,34000,24811,29460,885540
1392/9/19,40500,34103,24792,29480,897090
1392/9/20,40450,34108,24787,29460,903090
1392/9/21,40470,34177,24776,29380,899160
1392/9/23,40600,34084,24803,29590,896160
1392/9/24,40650,34084,24803,29580,898700
1392/9/25,40600,34100,24785,29500,892470
1392/9/26,40650,34111,24772,29450,894550
1392/9/27,40650,34114,24769,29450,893390
1392/9/28,40550,33867,24788,29460,878390
1392/9/30,40450,33877,24777,29460,871230
1392/10/1,40350,33877,24777,29440,874920
1392/10/3,40500,33886,24767,29550,873770
1392/10/4,40650,33875,24779,29650,876310
1392/10/5,40650,33878,24776,29750,880700
1392/10/7,41000,34047,24771,29930,888780
1392/10/8,41350,34047,24771,30260,897780
1392/10/9,41300,34044,24774,30150,889930
1392/10/11,41100,34045,24773,29950,884390
1392/10/14,40770,33690,24792,29900,895700
1392/10/15,40500,33690,24792,29700,897780
1392/10/16,40500,33684,24798,29700,900090
1392/10/17,40650,33774,24787,29800,902160
1392/10/18,40800,33772,24790,29950,897780
1392/10/19,40650,33686,24812,29850,896860
1392/10/21,40700,33896,24798,29800,904700
1392/10/22,40700,33896,24798,29850,904470
1392/10/23,40500,33920,24791,29600,887620
1392/10/24,40500,33883,24803,29650,894550
1392/10/25,40450,33840,24818,29570,891310
1392/10/26,40450,33828,24831,29600,889930
1392/10/28,40350,33644,24847,29550,888780
1392/10/30,39600,33628,24856,29100,874230
1392/11/1,39600,33659,24848,29200,881850
1392/11/2,40100,33683,24841,29550,887850
1392/11/3,40100,33672,24853,29470,884160
1392/11/5,40600,33983,24846,29650,901700
1392/11/6,40400,33983,24846,29550,898010
1392/11/7,40400,33989,24838,29500,899630
1392/11/8,40380,33980,24847,29520,896860
1392/11/9,40350,33945,24865,29580,898470
1392/11/10,40300,33944,24866,29430,896390
1392/11/12,40050,33574,24892,29450,891780
1392/11/13,40000,33574,24892,29480,892930
1392/11/14,39970,33572,24895,29600,894320
1392/11/15,40150,33614,24886,29550,896160
1392/11/16,40100,33618,24881,29500,898470
1392/11/17,40100,33639,24874,29550,898010
1392/11/19,40350,33903,24863,29600,906550
1392/11/20,40250,33903,24863,29560,901930
1392/11/21,40240,33892,24875,29480,907470
1392/11/23,40300,33896,24871,29570,923170
1392/11/24,40350,33880,24889,29550,924330
1392/11/26,40400,34065,24878,29550,955720
1392/11/27,40450,34065,24878,29550,954800
1392/11/28,40450,34104,24871,29530,959190
1392/11/29,40530,34107,24868,29580,951570
1392/11/30,40550,34221,24861,29550,951340
1392/12/1,40600,33659,24848,29560,951110
1392/12/3,40550,34193,24891,29550,956880
1392/12/4,40600,34193,24891,29650,958490
1392/12/5,40750,34196,24893,29700,973040
1392/12/6,41500,34195,24896,30350,978810
1392/12/7,41400,34206,24893,29950,976960
1392/12/8,41250,34077,24898,30000,966800
1392/12/10,41650,34352,24891,30250,974420
1392/12/11,42000,34352,24891,30450,981120
1392/12/12,42600,34329,24916,30850,1011100
1392/12/13,42900,34262,24951,31000,998430
1392/12/14,42500,34263,24950,30500,997900
1392/12/15,41900,34257,24957,30465,997740
1392/12/17,41900,34624,24951,30160,985730
1392/12/18,42200,34624,24951,30360,988500
1392/12/19,42500,34643,24948,30770,993810
1392/12/20,42300,34625,24967,30500,990350
1392/12/21,42050,34611,24983,30450,993810
1392/12/22,42400,34811,24979,30380,999580
1392/12/24,41850,34784,25008,30050,1000700
1392/12/25,41900,34784,25008,30230,1000000
1392/12/26,41750,34799,25027,30100,992890
1392/12/27,41700,34862,25023,30100,990400
1392/12/28,42000,34946,25102,30320,990400
1393/01/05,41900,34999,25296,30300,970730
1393/01/06,42000,35045,25372,30400,971880
1393/01/09,-,34985,25438,-,-
1393/01/10,-,34985,25438,-,-
1393/01/11,42200,34980,25444,30610,962650
1393/01/16,41950,34933,25496,30520,970730
1393/01/17,41850,34933,25496,30440,968880
1393/01/18,41950,34933,25502,30600,970270
1393/01/19,42350,35050,25501,30880,982500
1393/01/20,42700,35165,25500,31000,987120
1393/01/21,42600,35394,25492,30800,990350
1393/01/23,43000,35312,25495,31130,992660
1393/01/24,43300,35394,25492,31180,999580
1393/01/25,43150,35314,25497,31320,1007700
1393/01/26,43400,35231,25502,31410,1005400
1393/01/27,44200,35232,25501,32000,1009000
1393/01/28,43750,35293,25500,31670,1007000
1393/01/30,43900,35237,25507,31800,1001900
1393/01/31,44100,35237,25507,32150,1004200
1393/02/1,44500,35233,25511,32300,1008000
1393/02/2,45500,35202,25517,32700,1020400
1393/02/3,45800,35248,25513,33100,1024290
1393/02/4,45100,35263,25511,32540,1014820
1393/02/6,44900,35289,25509,32680,1027980
1393/02/7,45500,35289,25509,33370,1059610
1393/02/8,45450,35271,25513,32750,1048060
1393/02/9,45300,35362,25511,32860,1041140
1393/02/10,45400,35235,25518,32950,1034440
1393/02/11,45700,35390,25515,33070,1035370
1393/02/13,45950,35393,25511,33140,1049220
1393/02/14,45750,35393,25511,32820,1037680
1393/02/15,46000,35396,25508,33150,1043450
1393/02/16,45900,35398,25505,33050,1036520
1393/02/17,45920,35516,25501,32950,1034670
1393/02/18,45800,35501,25511,32900,1016210
1393/02/20,45100,35118,25521,32680,1000280
1393/02/21,44850,35118,25521,32390,993120
1393/02/22,45000,35116,25524,32490,1005360
1393/02/24,44880,35022,25535,32440,1009280
1393/02/25,44800,35025,25531,32430,1007430
1393/02/27,45350,34980,25543,33030,1018050
1393/02/28,45200,34980,25543,32810,1009970
1393/02/29,45200,35010,25541,32810,1012970
1393/02/30,45200,35020,25539,32920,1006510
1393/02/31,45230,35010,25549,32970,1010670
1393/03/1,45050,34952,25558,32880,1010200
1393/03/3,44970,34855,25566,32760,1006280
1393/03/4,45020,34855,25566,32800,1006280
1393/03/5,45000,34830,25574,32750,1006970
1393/03/7,44920,34869,25571,32730,988740
1393/03/8,44820,34803,25582,32750,982730
1393/03/10,44850,34875,25580,32740,978120
1393/03/11,44900,34875,25580,32810,979730
1393/03/12,44850,34869,25586,32810,978810
1393/03/13,44870,34817,25595,32830,978810
1393/03/17,44850,34915,25593,32670,973500
1393/03/18,44650,34915,25593,32460,966110
1393/03/19,44300,34917,25591,32300,963800
1393/03/20,43733,34790,25599,32130,961490
1393/03/21,44014,34632,25605,32380,970500
1393/03/22,44178,34675,25602,32450,975350
1393/03/24,43840,34670,25608,32230,975810
1393/03/25,43800,34670,25608,32180,978120
1393/03/26,43475,34670,25607,31980,974420
1393/03/27,43500,34733,25604,31930,968880
1393/3/28,43511,34699,25613,31980,968420
1393/3/31,43899,34825,25609,32130,997280
1393/4/1,43516,34825,25609,31850,993120
1393/4/2,43500,34839,25608,31830,992200
1393/4/3,43414,34842,25632,31730,992200
1393/4/4,43232,34873,25631,31630,989200
1393/4/7,43169,34981,25629,31480,980190
1393/4/8,42716,34981,25629,31150,968420
1393/4/9,42530,34999,25651,31000,966110
1393/4/10,42905,35106,25650,31200,981350
1393/4/11,43064,35168,25710,31370,982500
1393/4/12,42900,35145,25751,31360,985960
1393/4/14,42340,35091,25811,31000,971880
1393/4/15,42245,35091,25811,30930,969110
1393/4/16,42627,35105,25842,31200,967960
1393/4/17,42667,35157,25841,31200,973270
1393/4/18,42538,35179,25840,31100,974190
1393/4/19,42587,35262,25839,31130,984580
1393/4/21,42500,35244,25901,31180,984580
1393/4/22,42764,35244,25901,31280,986660
1393/4/23,42900,35283,25937,31330,974190
1393/4/24,42600,35316,25936,31210,970040
1393/4/25,42571,35267,26001,31300,969110
1393/4/26,42678,35232,26040,31400,972340
1393/4/29,42507,35270,26076,31280,970730
1393/4/30,42555,35283,26075,31330,971650
1393/4/31,42436,35324,26116,31330,970730
1393/5/1,42334,35230,26167,31290,972110
1393/5/2,42474,35269,26201,31380,970500
1393/5/4,42341,35258,26253,31380,973960
1393/5/5,42500,35258,26253,31330,974880
1393/5/6,42255,35260,26252,31300,972810
1393/5/11,42211,35327,26302,31280,970730
1393/5/12,42346,35327,26302,31380,973270
1393/5/13,42383,35369,26354,31430,973960
1393/5/14,42165,35368,26353,31400,970270
1393/5/15,42200,35315,26414,31380,970500
1393/5/16,42110,35362,26413,31330,973730
1393/5/18,42148,35421,26412,31280,980190
1393/5/19,42082,35421,26412,31230,977880
1393/5/20,42089,35464,26464,31280,975580
1393/5/21,41896,35439,26501,31230,976730
1393/5/22,41800,35430,26511,31230,975580
1393/5/23,41897,35426,26516,31180,976730
1393/5/25,41700,35529,26515,31130,970970
1393/5/26,41837,35529,26515,31080,969810
1393/5/27,41500,35533,26521,30980,967510
1393/5/28,41609,35451,26543,31100,968660
1393/5/29,41440,35331,26551,31030,965200
1393/5/30,41231,35189,26562,30930,957130
1393/6/1,41500,35184,26568,31130,959430
1393/6/2,41486,35184,26568,31180,964050
1393/6/3,41480,35096,26581,31280,964050
1393/6/4,41441,35106,26589,31250,967510
1393/6/5,41433,35020,26602,31280,966350
1393/6/6,41472,35148,26601,31330,969810
1393/6/8,41667,34947,26612,31580,973270
1393/6/9,41540,34947,26612,31480,972120
1393/6/10,41497,34922,26616,31430,970970
1393/6/11,41746,34924,26614,31680,968660
1393/6/12,42034,34952,26612,31830,968660
1393/6/13,41600,34985,26611,31730,969810
1393/6/15,41084,34475,26616,31570,965200
1393/6/16,41189,34475,26616,31650,966350
1393/6/17,41440,34472,26621,31880,966350
1393/6/18,41281,34275,26629,31810,964050
1393/6/19,41373,34436,26627,31830,962890
1393/6/22,41352,34524,26632,31750,946750
1393/6/23,41529,34524,26632,31880,946750
1393/6/24,41533,34526,26631,31950,952510
1393/6/25,41488,34489,26636,31900,954820
1393/6/26,41700,34496,26635,32030,959430
1393/6/27,41485,34280,26641,31990,951360
1393/6/29,40988,34188,26649,31800,938680
1393/6/30,40923,34188,26649,31750,939830
1393/6/31,40862,34276,26648,31700,937520
1393/7/1,41300,34247,26653,31880,946750
1393/7/2,41304,34265,26652,32030,950210
1393/7/3,40874,34038,26659,31970,943290
1393/7/5,41260,33821,26667,32380,959430
1393/7/6,41543,33821,26667,32600,964050
1393/7/7,41377,33808,26669,32430,960590
1393/7/8,41048,33854,26668,32380,955970
1393/7/9,41131,33645,26674,32500,946750
1393/7/10,41074,33753,26673,32350,955970
1393/7/12,40774,33386,26679,32430,947900
1393/7/14,40792,33394,26678,32330,950210
1393/7/15,41095,33654,26676,32430,955970
1393/7/16,41170,33700,26675,32380,961740
1393/7/17,41678,33998,26673,32480,967510
1393/7/19,41212,33693,26679,32480,961740
1393/7/20,41212,33693,26679,32480,962890
1393/7/22,41348,33932,26677,32500,962890
1393/7/23,41359,33729,26683,32550,959430
1393/7/24,41582,34202,26682,32510,964050
1393/7/26,41506,34052,26689,32380,960590
1393/7/27,41506,34052,26689,32330,962890
1393/7/28,41315,34049,26692,32200,959430
1393/7/29,41379,34193,26691,32280,960590
1393/7/30,41260,33974,26699,32300,960590
1393/8/1,40986,33754,26706,32250,957130
1393/8/3,40901,33837,26705,32130,951358
1393/8/4,40964,33837,26705,32180,951360
1393/8/5,41196,33928,26704,32330,951365
1393/8/6,41469,33927,26703,32400,951360
1393/8/7,41350,34007,26701,32400,951360
1393/8/8,41300,33701,26706,32450,945600
1393/8/10,41050,33456,26714,32520,931760
1393/8/11,41080,33459,26714,32470,931760
1393/8/14,41050,33282,26725,32510,932824
1393/8/17,40701,33282,26725,32530,928020
1393/8/18,40668,33282,26725,32500,929450
1393/8/19,40698,33365,26724,32430,924840
1393/8/20,40494,33229,26744,32480,916770
1393/8/21,40692,33333,26743,32550,924840
1393/8/24,40874,33515,26757,32480,936370
1393/8/25,40812,33515,26757,32430,936370
1393/8/26,40771,33593,26756,32480,936370
1393/8/27,40900,33420,26791,32510,940980
1393/8/28,40940,33536,26790,32490,940720
1393/9/01,40361,33228,26819,32420,936370
1393/9/02,40398,33228,26819,32450,938680
1393/9/03,40523,33239,26818,32510,939560
1393/9/04,40800,33313,26817,32580,950210
1393/9/05,41200,33443,26816,32780,955970
1393/9/08,42348,33430,26847,33850,962890
1393/9/09,42150,33430,26847,34000,967300
1393/9/10,42300,33435,26846,33900,974430
1393/9/11,42172,33465,26845,33740,979960
1393/9/12,41757,33292,26880,33700,977880
1393/9/15,41426,33094,26936,33560,974430
1393/9/16,42031,33094,26936,34050,980190
1393/9/17,41966,33095,26935,34100,991720
1393/9/18,42265,33155,26934,34060,987110
1393/9/19,42441,33360,26933,34130,997490
1393/9/23,43168,33559,26931,34480,1012480
1393/9/24,42997,33565,26976,34450,1032080
1393/9/25,43293,33603,26975,34400,1017090
1393/9/26,43841,33683,26974,35040,1014600
1393/9/29,43163,33072,27043,35130,1015940
1393/10/01,43550,33100,27042,35380,1010000
1393/10/03,43900,32962,27073,35630,1015940
1393/10/06,43551,33020,27109,35580,1015940
1393/10/07,43697,33020,27109,35700,1020400
1393/10/08,43404,33042,27108,35530,1013400
1393/10/09,42910,32935,27139,35110,1001900
1393/10/10,42714,33007,27138,34980,1004200
1393/10/13,41970,32644,27202,34810,999580
1393/10/14,42525,32644,27202,35270,1004200
1393/10/15,42109,32519,27233,35160,1003000
1393/10/16,42094,32532,27232,35170,1013400
1393/10/17,41912,32376,27263,35200,1018100
1393/10/20,41749,32321,27293,35090,1016900
1393/10/21,41535,32321,27293,34910,1015700
1393/10/22,41147,32350,27292,34720,1014790
1393/10/23,40941,32344,27314,34570,1017090
1393/10/24,40696,32223,27348,34430,1009020
1393/10/27,40400,31677,27383,34500,1043620
1393/10/28,40600,31677,27383,34650,1043620
1393/10/29,40692,31665,27396,34910,1050530
1393/10/30,40800,31721,27395,34750,1055150
1393/11/01,40600,31719,27420,34600,1064370
1393/11/04,39600,30768,27455,34570,1060910
1393/11/05,39500,30768,27455,34520,1053800
1393/11/06,39650,30730,27497,34830,1058500
1393/11/07,39800,30917,27496,34610,1055000
1393/11/08,39900,31163,27495,34600,1056100
1393/11/11,39500,31044,27504,34550,1049380
1393/11/12,39500,31044,27504,34590,1048230
1393/11/13,39500,31109,27502,34550,1043400
1393/11/14,39500,31152,27501,34550,1044600
1393/11/15,39656,31543,27499,34500,1036500
1393/11/18,39400,31185,27560,34250,1001900
1393/11/19,39100,31185,27560,33920,991500
1393/11/20,39050,31233,27559,34280,1015700
1393/11/21,39200,31242,27558,34180,1012300
1393/11/25,39400,31404,27591,34300,1015700
1393/11/26,39400,31404,27591,34270,1013630
1393/11/27,39350,31497,27590,34230,1012300
1393/11/28,39050,31388,27630,34030,1000700
1393/11/29,39120,31507,27629,34060,995430
1393/12/02,39150,31490,27670,34050,988040
1393/12/03,39150,31490,27670,34110,993810
1393/12/04,39080,31498,27669,34110,995449
1393/12/05,39250,31405,27710,34380,994030
1393/12/06,39200,31442,27709,34400,1007700
1393/12/09,39000,31062,27744,34240,1005400
1393/12/10,38750,31062,27744,34240,1009020
1393/12/11,38750,31039,27770,34250,1010170
1393/12/12,38700,31084,27769,34070,1005560
1393/12/13,38600,31053,27804,34140,1003250
1393/12/16,37200,30233,27883,34010,977880
1393/12/17,37150,30233,27883,34000,975580
1393/12/18,37400,30229,27888,33990,980190
1393/12/19,37400,30167,27930,33860,972120
1393/12/20,36900,29846,27960,33450,965200
1393/12/23,34630,29390,27998,32390,929400
1393/12/24,34800,29390,27998,32430,929450
1393/12/25,35200,29457,27997,32950,937520
1393/12/26,36800,29571,27996,33350,954820
1393/12/27,36500,29691,27995,33450,957130
1394/01/8,36200,30519,28027,32750,969810
1394/01/9,36550,30519,28027,32940,955970
1394/01/10,36400,30499,28050,32880,961740
1394/01/11,36400,30366,28085,33300,962650
1394/01/15,35700,30703,28084,32540,965200
1394/01/16,36200,30703,28084,32860,984800
1394/01/17,35900,30836,28083,32770,987110
1394/01/18,35900,30763,28120,33030,981340
1394/01/19,36300,30498,28150,33180,982500
1394/01/22,35800,29914,28215,33310,991720
1394/01/23,36100,29914,28215,33400,994989
1394/01/24,36150,29910,28220,33440,987580
1394/01/25,35800,29876,28258,33350,982960
1394/01/26,35950,30050,28257,33650,988040
1394/01/29,36200,30541,28255,33340,988040
1394/01/30,36200,30541,28255,33250,990570
1394/01/31,36100,30530,28270,33390,989200
1394/02/01,36000,30358,28305,33410,984800
1394/02/02,36150,30358,28305,33280,985960
1394/02/05,36250,30812,28337,33280,971880
1394/02/06,36150,30812,28337,33210,971420
1394/02/07,36200,30799,28372,33260,971650
1394/02/08,36150,30862,28371,33240,975580
1394/02/09,36750,31125,28370,33220,979040
1394/02/13,37600,31773,28368,33370,968650
1394/02/14,37550,31785,28400,33200,965650
1394/02/15,37050,31671,28430,33090,963340
1394/02/16,37400,31886,28429,33270,963110
1394/02/19,37500,31889,28460,33190,962190
1394/02/20,37400,31889,28460,33170,959190
1394/02/21,37400,31784,28500,33140,956880
1394/02/22,37200,31805,28500,33070,947870
1394/02/23,37400,32036,28499,33100,956880
1394/02/27,37880,32621,28497,33100,968660
1394/02/28,37770,32624,28532,33030,972120
1394/02/29,37400,32279,28572,33010,961490
1394/02/30,36850,31884,28610,33040,960800
1394/03/02,36800,31587,28690,33000,956880
1394/03/03,36750,31587,28690,33040,954800
1394/03/04,36750,31596,28740,32930,953880
1394/03/05,36600,31498,28780,33050,951570
1394/03/06,36460,31375,28830,32990,947900
1394/03/09,36800,31688,28828,33270,953670
1394/03/10,36800,31688,28828,33220,953670
1394/03/11,36550,31640,28890,33170,951360
1394/03/12,36660,31633,28950,33210,950210
1394/03/16,37000,32177,28949,33110,944440
1394/03/17,36850,32177,28949,33090,935410
1394/03/18,37300,32159,28970,33300,936000
1394/03/19,37200,32806,28969,33070,936370
1394/03/20,37500,32738,29011,33120,943030
1394/03/23,37350,32722,29050,33120,937950
1394/03/24,37200,32722,29050,32920,929170
1394/03/25,37100,32625,29090,32840,922250
1394/03/26,37000,32816,29089,32830,923400
1394/03/27,37150,32782,29127,32850,923690
1394/03/30,37200,33117,29160,32710,929450
1394/03/31,37050,33117,29160,32680,930600
1394/04/01,37100,33189,29159,32640,927150
1394/04/02,36900,32915,29200,32640,922070
1394/04/03,36900,32702,29235,32820,924150
1394/04/06,37200,32695,29275,33030,928070
1394/04/07,37200,32695,29275,33000,932680
1394/04/08,36950,32296,29320,33100,931020
1394/04/09,37100,32811,29319,32990,926870
1394/04/10,37050,32698,29360,33240,927380
1394/04/13,36800,32663,29399,33170,920230
1394/04/14,36600,32663,29399,33050,912150
1394/04/15,36300,32430,29440,32840,896010
1394/04/16,36100,32466,29439,32590,892780
1394/04/20,36350,32840,29437,32560,899010
1394/04/21,36200,32840,29437,32490,899010
1394/04/22,35850,32833,29470,32160,894860
1394/04/23,35700,32447,29500,32210,904540
1394/04/24,36500,32468,29499,32180,919770
1394/04/29,35600,32006,29570,32290,886090
1394/04/30,35400,32016,29569,32350,882540
1394/04/31,35900,32314,29568,32390,882630
1394/05/03,36300,32457,29566,32570,890710
1394/05/04,36450,32457,29566,33150,893700
1394/05/05,36250,32530,29565,32650,893730
1394/05/06,36600,32754,29564,33000,895240
1394/05/07,36600,32761,29563,33030,896700
1394/05/10,36600,32508,29599,33140,894630
1394/05/11,36700,32508,29599,33120,898780
1394/05/12,36600,32542,29630,33160,894860
1394/05/13,36650,32475,29670,33220,893700
1394/05/14,36450,32274,29710,33270,892320
1394/05/17,36700,32578,29708,33400,899010
1394/05/18,36650,32578,29708,33440,898550
1394/05/19,36750,32600,29740,33420,896390
1394/05/21,37350,32880,29739,33570,910010
1394/05/24,37300,33069,29766,33430,910480
1394/05/25,37200,33069,29766,33440,912550
1394/05/26,37250,33061,29797,33550,915320
1394/05/27,37400,33043,29830,33550,918560
1394/05/28,37450,32980,29860,33550,916000
1394/05/31,38200,34006,29858,33570,952490
1394/06/01,38050,34006,29858,33600,956957
1394/06/02,39000,34309,29857,33620,956180
1394/06/03,39750,34450,29856,33680,952260
1394/06/04,39780,34421,29890,34050,947670
1394/06/07,38100,33503,29960,33700,932640
1394/06/08,38200,33503,29960,33810,939100
1394/06/09,38500,33659,29958,33770,941180
1394/06/10,38750,33761,29956,33990,947670
1394/06/11,38850,33804,29955,33800,941440
1394/06/14,38450,33404,29959,34000,939370
1394/06/15,38500,33404,29959,34200,943060
1394/06/16,38450,33406,29958,34070,942140
1394/06/17,38550,33451,29957,34100,940750
1394/06/18,38600,33481,29956,34000,940290
1394/06/21,39300,33954,29954,34350,933140
1394/06/22,39400,33954,29954,34120,933790
1394/06/23,39650,33981,29953,34400,934950
1394/06/24,39450,33911,29955,34000,932640
1394/06/25,39100,33841,29956,34100,932180
1394/06/28,38850,33856,29955,33850,941440
1394/06/29,38650,33856,29955,33830,943290
1394/06/30,38600,33864,29954,33720,935220
1394/06/31,38450,33552,29956,33880,936600
1394/07/01,38250,33364,29957,33890,932220
1394/07/04,38250,33541,29955,34000,942900
1394/07/05,38750,33541,29955,33950,945330
1394/07/06,38700,33510,29957,33980,941640
1394/07/07,39100,33733,29955,34200,944640
1394/07/08,39100,33713,29956,34050,941180
1394/07/11,39200,33587,29955,34300,947870
1394/07/12,38870,33587,29955,34150,944670
1394/07/13,39200,33626,29954,33990,944210
1394/07/14,39250,33504,29956,33990,946980
1394/07/15,39320,33754,29954,34750,957110
1394/07/18,39243,34025,29955,34713,959900
1394/07/19,39640,34025,29955,34668,964510
1394/07/20,39730,34069,29953,34590,962200
1394/07/21,39630,34030,29954,34623,961050
1394/07/22,39700,34098,29952,34260,968890
1394/07/25,39550,33996,29952,34610,962890
1394/07/26,39340,33996,29952,34499,961280
1394/07/27,39340,34030,29950,34478,954130
1394/07/28,39350,33949,29952,34424,960590
1394/07/29,39500,34020,29950,34493,956670
1394/08/03,38750,33010,29957,34550,958970
1394/08/04,38600,33062,29955,33850,958700
1394/08/05,38820,33147,29953,34690,959900
1394/08/06,38900,32731,29960,33890,963800
1394/08/09,38700,32971,29957,34820,954800
1394/08/10,38680,32971,29957,34410,958030
1394/08/11,38720,33040,29956,34979,952100
1394/08/12,38700,33002,29958,35026,949800
1394/08/13,38600,32813,29960,34966,945800
1394/08/16,37980,32189,29965,34960,930330
1394/08/17,38220,32189,29965,34330,930800
1394/08/18,38580,32260,29964,35350,935500
1394/08/19,38730,32211,29966,35000,939800
1394/08/20,38350,32246,29965,35290,933800
1394/08/23,38630,32256,29963,35620,937800
1394/08/24,38620,32256,29963,35650,935410
1394/08/25,38380,32131,29965,35200,934950
1394/08/26,38320,31942,29968,34350,925940
1394/08/27,38280,31877,29970,35550,921200
1394/08/30,38220,31908,29971,35570,922300
1394/09/01,38330,31908,29971,35330,923000
1394/09/02,38280,31810,29980,35950,920000
1394/09/03,38350,31876,29978,35610,924200
1394/09/04,38550,31964,29977,35870,926700
1394/09/07,38560,31857,30071,36400,923000
1394/09/08,38700,31857,30071,35720,929410
1394/09/09,38450,31842,30086,36050,927100
1394/09/10,38500,31833,30096,36300,933400
1394/09/14,39330,32732,30093,34860,941400
1394/09/15,39400,32732,30093,36430,939800
1394/09/16,39430,32704,30105,36000,942400
1394/09/17,39450,32666,30106,36160,939400
1394/09/18,39800,32833,30105,36400,941180
1394/09/22,40000,33096,30103,36170,937300
1394/09/23,40050,32994,30108,36111,936810
1394/09/24,40050,33170,30107,36280,927800
1394/09/25,40000,32927,30112,36550,935000
1394/09/28,39630,32729,30119,36410,935000
1394/09/29,39600,32729,30119,36430,935000
1394/09/30,39550,32737,30118,36400,942400
1394/10/01,39860,32878,30117,35000,944900
1394/10/02,40100,32965,30116,36650,947900
1394/10/05,40380,33058,30119,36700,961700
1394/10/06,40120,33058,30119,34600,963800
1394/10/07,40130,33059,30118,36450,961300
1394/10/09,40300,32936,30128,36780,953200
1394/10/12,39920,32743,30142,33840,954800
1394/10/13,40000,32743,30142,36580,955100
1394/10/14,40270,32789,30141,34810,959000
1394/10/15,40180,32625,30149,37080,960600
1394/10/19,40620,32948,30157,36927,983420
1394/10/20,40640,32948,30157,37100,984120
1394/10/21,40550,32918,30165,36900,970500
1394/10/22,40350,32918,30165,36914,961000
1394/10/23,40145,32670,30180,36419,949300
1394/10/26,39100,32939,30178,36000,940950
1394/10/27,39580,32939,30178,36350,943950
1394/10/28,39600,32879,30181,36200,940260
1394/10/29,39550,32858,30183,36000,933600
1394/10/30,39680,33042,30181,36170,942100
1394/11/03,39850,32598,30189,36570,951800
1394/11/04,39840,32598,30189,36570,948800
1394/11/05,39830,32639,30187,36500,957100
1394/11/06,39850,32740,30185,36600,971400
1394/11/07,40000,32793,30184,36570,975800
1394/11/10,39770,32694,30186,36270,965700
1394/11/11,39700,32694,30186,36440,965900
1394/11/12,39600,32754,30185,36360,972110
1394/11/13,39553,32936,30184,36219,956500
1394/11/14,39463,32947,30183,36283,973500
1394/11/17,39970,33678,30180,35950,1002600
1394/11/18,39730,33678,30180,35650,992200
1394/11/19,39900,33590,30182,35600,993350
1394/11/20,39750,33834,30180,35300,992890
1394/11/21,40000,34076,30179,35200,991700
1394/11/24,39700,33969,30180,35000,1029600
1394/11/25,39550,33969,30180,34480,1022400
1394/11/26,39360,33848,30182,34810,994000
1394/11/27,38930,33663,30185,34650,998200
1394/11/28,38950,33696,30184,34770,995200
1394/12/01,38999,33605,30187,34510,1001900
1394/12/02,38945,33605,30187,34457,1006700
1394/12/03,38738,33605,30187,34510,1004600
1394/12/04,38570,33342,30191,34730,1003700
1394/12/05,38618,33008,30195,34673,1027700
1394/12/08,38445,33008,30195,34785,1019200
1394/12/09,38490,33008,30195,34761,1014100
1394/12/10,38219,32978,30197,34630,1019900
1394/12/11,38156,32853,30200,34599,1022600
1394/12/12,38118,32794,30202,34649,1021900
1394/12/15,37858,33255,30200,34370,1032300
1394/12/16,37714,33255,30200,34282,1032800
1394/12/17,37647,33188,30202,34278,1034200
1394/12/18,37769,33277,30201,34215,1033000
1394/12/19,37600,33144,30212,34159,1031400
1394/12/22,37760,33696,30221,34192,1033900
1394/12/24,37425,33725,30220,34209,1033700
1394/12/25,37760,33577,30227,34209,1024200
1394/12/26,38270,33570,30235,34450,1025600
1395/01/07,39300,33785,30252,34780,1026800
1395/01/08,39130,33785,30252,34750,1027700
1395/01/09,39200,33769,30255,34830,1031900
1395/01/10,39370,33876,30254,34970,1036500
1395/01/11,39280,34178,30260,34600,1043600
1395/01/14,39580,34486,30265,34960,1045000
1395/01/15,39380,34486,30265,34600,1048200
1395/01/16,39400,34478,30269,34620,1042000
1395/01/17,39650,34486,30269,34930,1051700
1395/01/18,39600,34423,30275,34940,1050100
1395/01/21,39620,34511,30278,34820,1056300
1395/01/22,39750,34511,30278,34870,1056500
1395/01/23,39670,34544,30277,34800,1063500
1395/01/24,39830,34534,30281,34840,1069100
1395/01/25,39580,34440,30285,34730,1058000
1395/01/28,39400,34180,30289,34790,1052400
1395/01/29,39260,34180,30289,34640,1050800
1395/01/30,39320,34182,30293,34670,1050800
1395/01/31,39450,34296,30293,34620,1048500
1395/02/01,39400,34454,30296,34720,1050100
1395/02/04,39120,34016,30301,34680,1042700
1395/02/05,39200,34016,30301,34850,1045300
1395/02/06,39150,34077,30304,34770,1044800
1395/02/07,39130,34149,30309,34694,1043400
1395/02/08,39180,34258,30309,34620,1043400
1395/02/11,39110,34714,30315,34580,1069000
1395/02/12,39530,34714,30315,34580,1071400
1395/02/13,39690,34763,30319,34570,1074600
1395/02/14,40020,34972,30321,34510,1062800
1395/02/15,39720,34827,30327,34450,1062300
1395/02/18,39340,34618,30333,34480,1063900
1395/02/19,39530,34618,30333,34500,1063500
1395/02/20,39400,34574,30341,34460,1061100
1395/02/21,39470,34535,30350,34570,1055600
1395/02/22,39580,34550,30349,34530,1052200
1395/02/25,39270,34326,30360,34450,1048000
1395/02/26,39180,34326,30360,34430,1048900
1395/02/27,39090,34332,30364,34450,1050100
1395/02/28,39230,34366,30367,34253,1046200
1395/02/29,39060,34273,30370,34394,1043200
1395/03/01,38820,34097,30379,34370,1029800
1395/03/03,38970,34143,30398,34510,1029600
1395/03/04,38710,34092,30420,34480,1027700
1395/03/05,38850,33937,30439,34600,1017600
1395/03/08,38950,33856,30465,34890,1021100
1395/03/09,39000,33856,30465,34800,1016170
1395/03/10,38950,33826,30465,34730,1012480
1395/03/11,39080,33958,30460,34710,1012940
1395/03/12,39100,33889,30480,34770,1016400
1395/03/16,39440,34641,30478,34720,1034850
1395/03/17,39280,34573,30488,34570,1025200
1395/03/18,39380,34617,30487,34620,1024700
1395/03/19,39410,34656,30486,34610,1032080
1395/03/22,39390,34319,30500,34620,1042350
1395/03/23,39140,34319,30500,34654,1040620
1395/03/24,38952,34309,30510,34632,1046610
1395/03/25,39204,34461,30509,34613,1047770
1395/03/26,39101,34202,30530,34633,1047540
1395/03/29,39090,34426,30528,34570,1060800
1395/03/30,39100,34426,30528,34550,1060220
1395/03/31,39280,34691,30527,34610,1051690
1395/04/01,39380,34630,30550,34630,1052380
1395/04/02,39350,34464,30590,34660,1046500
1395/04/05,39000,34065,30640,34710,1077980
1395/04/06,39350,34065,30640,35000,1088900
1395/04/08,39060,33894,30680,35080,1093500
1395/04/09,39280,33942,30679,35340,1099100
1395/04/12,39280,34224,30725,35231,1118700
1395/04/13,39380,34224,30725,35140,1118800
1395/04/14,39350,34253,30755,34830,1123410
1395/04/15,39380,34268,30790,34820,1119720
1395/04/19,39160,34072,30835,34810,1134020
1395/04/20,39120,34072,30835,34900,1142560
1395/04/21,39040,34087,30850,35000,1141630
1395/04/22,39180,34190,30849,35080,1139100
1395/04/23,39080,34149,30865,35060,1125260
1395/04/26,39110,34082,30885,35050,1110040
1395/04/27,39990,34082,30885,34890,1107960
1395/04/28,38940,34170,30883,35006,1103700
1395/04/29,39000,34206,30882,35027,1110900
1395/04/30,39000,34042,30910,35023,1107200
1395/05/02,38810,33957,30940,35110,1106580
1395/05/03,38870,33957,30940,35180,1109780
1395/05/04,38870,33943,30956,35160,1106810
1395/05/05,39040,34015,30955,35210,1114880
1395/05/06,39080,34024,30954,35320,1114500
1395/05/10,39470,34588,30951,35349,1141100
1395/05/11,39380,34581,30959,35269,1138100
1395/05/12,39600,34584,30959,35360,1149200
1395/05/13,39730,34709,30958,35310,1153860
1395/05/16,39390,34392,31020,35330,1130560
1395/05/17,39420,34392,31020,35361,1131600
1395/05/18,39430,34431,31019,35310,1131030
1395/05/19,39410,34406,31046,35350,1133100
1395/05/20,39570,34612,31045,35400,1146710
1395/05/23,39630,34681,31064,35406,1134200
1395/05/24,39730,34681,31064,35370,1131490
1395/05/25,39540,34672,31074,35298,1136000
1395/05/26,39800,34784,31073,35217,1137940
1395/05/27,39960,35034,31071,35351,1138600
1395/05/30,40080,35187,31069,35323,1135100
1395/05/31,40070,35187,31069,35391,1133700
1395/06/01,40070,35087,31100,35440,1129640
1395/06/02,40320,35242,31099,35400,1134950
1395/06/03,40260,35174,31135,35460,1133790
1395/06/06,39905,34929,31200,35458,1128490
1395/06/07,40120,34929,31200,35474,1133900
1395/06/08,40060,34956,31199,35487,1134200
1395/06/09,39970,34891,31230,35520,1130790
1395/06/10,39880,34871,31253,35560,1130450
1395/06/13,39940,34883,31270,35590,1139790
1395/06/14,39870,34883,31270,35570,1138870
1395/06/15,39870,34911,31268,35490,1140480
1395/06/16,39900,34892,31289,35540,1140250
1395/06/17,40100,35217,31287,35530,1149010
1395/06/20,40000,35183,31324,35448,1136000
1395/06/21,40110,35183,31324,35440,1135000
1395/06/23,39900,35193,31323,35444,1139560
1395/06/24,39670,35170,31349,35466,1138870
1395/06/27,39860,35011,31379,35551,1136500
1395/06/28,39410,35011,31379,35550,1135410
1395/06/29,40020,35048,31377,35604,1134900
1395/06/31,39950,35012,31410,35690,1135870
1395/07/03,40100,35258,31406,35660,1141630
1395/07/04,40080,35258,31406,35690,1140250
1395/07/05,40190,35286,31430,35638,1141100
1395/07/06,40270,35337,31429,35705,1142500
1395/07/07,39710,35268,31461,35650,1136560
1395/07/10,40300,35362,31459,35806,1136000
1395/07/11,40370,35362,31459,35732,1136200
1395/07/12,40400,35377,31490,35804,1136000
1395/07/13,40290,35292,31519,35841,1127900
1395/07/14,39857,35368,31517,35814,1110040
1395/07/17,40370,35333,31544,35831,1101200
1395/07/18,40490,35333,31544,35840,1101270
1395/07/19,40610,35332,31565,35950,1104960
1395/07/24,40020,34714,31640,35970,1099660
1395/07/25,39920,34714,31640,35960,1096430
1395/07/26,39870,34743,31639,35890,1096890
1395/07/27,39760,34867,31637,35890,1100810
1395/07/28,39410,34782,31666,35820,1101600
1395/08/01,39594,34535,31730,35839,1094300
1395/08/02,39350,34535,31730,35940,1101390
1395/08/03,39435,34513,31755,35911,1104730
1395/08/04,39487,34540,31753,35928,1107500
1395/08/05,39489,34577,31752,36035,1111650
1395/08/08,39651,34881,31750,36109,1115800
1395/08/09,39439,34881,31750,36083,1118110
1395/08/10,39632,34855,31778,36139,1120760
1395/08/11,39665,34869,31799,36228,1123880
1395/08/12,40004,35186,31797,36180,1137250
1395/08/15,39628,35410,31795,36161,1137480
1395/08/16,40350,35410,31795,36270,1145790
1395/08/17,40320,35277,31834,36300,1133330
1395/08/18,40675,35179,31865,36350,1130100
1395/08/19,40206,35945,31863,36427,1147860
1395/08/22,40209,34698,31965,36521,1104040
1395/08/23,40000,34698,31965,36570,1106810
1395/08/24,39910,34545,31999,36760,1109810
1395/08/25,39960,34447,32035,36800,1108310
1395/08/26,39950,34422,32037,37020,1108190
1395/08/29,39520,33952,32061,36840,1099660
1395/09/01,39570,33960,32059,36840,1101500
1395/09/02,39498,34070,32056,36776,1101730
1395/09/03,39278,34064,32070,36947,1110500
1395/09/06,40140,33992,32092,37285,1102430
1395/09/07,40000,33992,32092,37579,1109810
1395/09/09,42300,34003,32091,39040,1135180
1395/09/13,41450,34230,32087,38590,1122490
1395/09/14,39959,34230,32087,38856,1132180
1395/09/15,41929,33878,32120,38918,1124570
1395/09/16,41968,34552,32119,38909,1124800
1395/09/17,42151,34470,32151,38707,1123880
1395/09/20,42353,34005,32199,38962,1124570
1395/09/21,42267,34005,32199,38929,1124110
1395/09/22,42191,34266,32227,38767,1126410
1395/09/23,42366,34266,32227,38916,1130790
1395/09/24,42378,34276,32226,38924,1133790
1395/09/28,42413,33747,32289,39234,1123180
1395/09/29,42278,33761,32288,39136,1124570
1395/09/30,42621,33624,32321,39176,1124340
1395/10/01,42151,33642,32318,39582,1127680
1395/10/04,42471,33788,32318,39774,1133100
1395/10/05,42980,33788,32318,40860,1140940
1395/10/06,43400,33797,32317,41280,1147860
1395/10/07,43610,33768,32349,41340,1168160
1395/10/08,43460,33875,32348,40890,1163310
1395/10/11,42360,34056,32375,39530,1145790
1395/10/12,41600,34056,32375,38450,1116500
1395/10/13,42130,34085,32399,39240,1131950
1395/10/14,42350,33940,32374,39310,1136790
1395/10/15,42350,33692,32374,39250,1134250
1395/10/18,42466,34095,32370,39036,1140940
1395/10/19,42584,34095,32370,39031,1143480
1395/10/20,42529,34082,32370,39127,1146020
1395/10/22,42426,34140,32369,39266,1150170
1395/10/25,42907,34442,32367,39480,1154090
1395/10/26,42637,34442,32367,39000,1152010
1395/10/27,42650,34341,32370,38824,1155930
1395/10/28,42330,34425,32369,38437,1151780
1395/10/29,42535,34622,32365,38126,1152700
1395/11/02,42430,34631,32362,38080,1147860
1395/11/03,42250,34631,32363,38400,1145320
1395/11/04,41471,34765,32360,37205,1147750
1395/11/05,41923,34802,32359,37164,1149940
1395/11/06,42040,34739,32362,38277,1144630
1395/11/09,41996,34622,32364,38197,1139560
1395/11/10,41900,34622,32364,38610,1142090
1395/11/11,41750,34735,32363,38400,1139670
1395/11/12,41700,34633,32366,38400,1134470
1395/11/13,41980,34918,32364,38260,1136320
1395/11/16,42190,34912,32367,38280,1144630
1395/11/17,42560,34912,32367,38560,1154330
1395/11/18,42600,34899,32371,38480,1156410
1395/11/19,42340,34671,32375,38310,1157790
1395/11/20,42080,34597,32379,38310,1158020
1395/11/23,41700,34461,32380,38320,1154560
1395/11/24,41640,34461,32380,38260,1153870
1395/11/25,40810,34396,32384,38046,1147860
1395/11/26,40771,34365,32387,37984,1147400
1395/11/27,40689,34283,32392,37979,1148100
1395/11/30,41150,34382,32390,38020,1149940
1395/12/01,41120,34382,32390,37930,1151100
1395/12/02,41120,34379,32394,37890,1149020
1395/12/03,41150,34279,32397,37870,1147400
1395/12/04,41050,34168,32402,37800,1150870
1395/12/07,40620,34223,32405,37780,1158720
1395/12/08,40700,34223,32405,37800,1163790
1395/12/09,40800,34230,32404,37790,1164030
1395/12/10,40800,34311,32403,37770,1160100
1395/12/11,40830,34213,32407,37850,1161950
1395/12/14,40730,34417,32405,37820,1158480
1395/12/15,40680,34417,32405,37750,1153870
1395/12/16,40650,34368,32409,37640,1152480
1395/12/17,40320,34327,32412,37500,1144860
1395/12/18,40040,34236,32416,37240,1133320
1395/12/21,39777,34603,32418,37424,1126630
1395/12/22,40326,34603,32418,37388,1128700
1395/12/23,41020,34686,32417,37430,1132860
1395/12/24,41130,34539,32420,37620,1131240
1395/12/25,41270,34419,32424,37970,1129400
1396/01/05,41200,35027,32418,38100,1153000
1396/01/06,41100,35027,32418,38350,1165640
1396/01/07,41360,35166,32416,37640,1170490
1396/01/08,41410,35217,32415,38190,1171180
1396/01/09,41280,35060,32418,37500,1168870
1396/01/14,41010,34628,32425,37690,1164260
1396/01/15,40920,34587,32429,37540,1164490
1396/01/16,40800,34626,32428,37650,1167950
1396/01/19,40610,34349,32435,37630,1166800
1396/01/20,40600,34349,32435,37640,1168410
1396/01/21,40620,34319,32439,37630,1168640
1396/01/23,40650,34377,32438,37600,1171770
1396/01/26,40600,34426,32440,37600,1190690
1396/01/27,40600,34426,32440,37570,1190110
1396/01/28,40590,34455,32439,37550,1189650
1396/01/29,40064,34545,32438,37440,1187110
1396/01/30,40070,34771,32437,37355,1184920
1396/02/02,40421,34791,32439,37353,1178920
1396/02/03,40367,34791,32439,37343,1180990
1396/02/04,41430,35169,32437,37530,1175570
1396/02/06,41620,35482,32435,37610,1172220
1396/02/09,41660,35368,32442,37710,1171880
1396/02/10,41750,35368,32442,37760,1176490
1396/02/11,41570,35379,32441,37670,1169680
1396/02/12,41540,35415,32440,37630,1162180
1396/02/13,41560,35470,32439,37630,1162990
1396/02/16,41770,35659,32441,37630,1147400
1396/02/17,41760,35659,32441,37590,1139210
1396/02/18,41730,35590,32444,37580,1141050
1396/02/19,41710,35463,32446,37570,1137130
1396/02/20,41890,35345,32449,37560,1135510
1396/02/23,41810,35461,32450,37580,1138510
1396/02/24,41810,35461,32450,37560,1140360
1396/02/25,41730,35464,32449,37540,1141290
1396/02/26,42070,35651,32447,37570,1145790
1396/02/27,42500,36061,32444,37690,1154910
1396/02/30,42430,36345,32440,37450,1152600
1396/02/31,42320,36345,32440,37330,1150520
1396/03/01,42160,36307,32443,37350,1153520
1396/03/02,42330,36489,32440,37560,1153870
1396/03/03,42270,36281,32444,37480,1149130
1396/03/06,42270,36281,32446,37440,1152600
1396/03/07,42260,36281,32446,37400,1148100
1396/03/08,42260,36225,32449,37400,1149370
1396/03/09,42240,36100,32452,37350,1146830
1396/03/10,42390,36266,32450,37360,1140710
1396/03/13,43540,36589,32446,37320,1142670
1396/03/16,42480,36573,32449,37310,1152480
1396/03/17,42600,36558,32451,37380,1158480
1396/03/20,41818,36339,32458,37258,1141750
1396/03/21,41865,36339,32458,37248,1144060
1396/03/22,42490,36363,32456,37290,1144170
1396/03/23,42450,36329,32460,37280,1138400
1396/03/24,42400,36405,32458,37300,1142210
1396/03/27,42320,36328,32469,37290,1143820
1396/03/28,41683,36328,32469,37348,1145560
1396/03/29,42660,36354,32468,37500,1140130
1396/03/30,42700,36243,32482,37450,1138980
1396/03/31,42660,36183,32495,37410,1141630
1396/04/03,42790,36358,32492,37560,1157100
1396/04/04,42900,36358,32492,37560,1155480
1396/04/07,43360,36877,32490,37590,1156290
1396/04/10,44100,37142,32505,37910,1159990
1396/04/11,44230,37142,32505,37840,1161140
1396/04/12,44090,37100,32519,37780,1159870
1396/04/13,43840,36990,32534,37810,1150870
1396/04/14,43720,36975,32545,37860,1147630
1396/04/17,43610,37115,32558,37890,1144170
1396/04/18,43530,37115,32558,37860,1137010
1396/04/19,43670,37144,32571,37840,1137130
1396/04/20,43620,37126,32585,37940,1137360
1396/04/21,43930,37406,32595,37900,1137010
1396/04/24,43990,37367,32624,37810,1139270
1396/04/25,43940,37367,32624,37800,1135510
1396/04/26,43830,37414,32638,37780,1136900
1396/04/27,44060,37652,32649,37790,1137710
1396/04/28,44070,37684,32659,37770,1138400
1396/04/31,44340,38086,32670,37760,1150750
1396/05/01,44290,38086,32670,37740,1145560
1396/05/02,44450,38142,32678,37720,1149940
1396/05/03,44770,38095,32693,37790,1151670
1396/05/04,45380,38096,32705,37970,1156230
1396/05/07,45800,38452,32720,38060,1175570
1396/05/08,45800,38452,32720,38110,1184690
1396/05/09,45490,38411,32735,38130,1179260
1396/05/10,45740,38725,32745,38190,1177760
1396/05/11,45750,38680,32759,38200,1178570
1396/05/15,45630,38626,32786,38200,1175110
1396/05/16,45810,38695,32798,38150,1173030
1396/05/17,45820,38753,32811,38110,1176950
1396/05/18,45690,38501,32822,38110,1177180
1396/05/21,45600,38818,32844,38130,1190460
1396/05/22,44792,38818,32844,38033,1190000
1396/05/23,45570,38866,32859,38130,1191500
1396/05/24,45600,38742,32884,38160,1179490
1396/05/25,45550,38635,32911,38190,1176720
1396/05/28,45480,38230,32954,38763,1183650
1396/05/29,45380,38763,32954,38280,1185150
1396/05/30,45360,38764,32980,38290,1187800
1396/05/31,45420,38960,33003,38310,1186880
1396/06/01,45590,38872,33040,38320,1189650
1396/06/04,46410,39440,33090,38520,1206740
1396/06/05,46780,39440,33090,38590,1214820
1396/06/06,46800,39497,33127,38580,1219430
1396/06/07,47430,39694,33160,38610,1232360
1396/06/08,47340,39736,33169,38720,1226360
1396/06/11,47220,39433,33246,38820,1254520
1396/06/12,47410,39433,33246,38860,1265140
1396/06/13,47820,39520,33255,38810,1268610
1396/06/14,48170,39610,33266,38790,1258220
1396/06/15,48250,39665,33291,38900,1262140
1396/06/19,47760,40107,33320,39000,1263530
1396/06/20,47620,40077,33354,39010,1261220
1396/06/21,47650,39940,33393,39130,1256140
1396/06/22,47550,40046,33420,39200,1261220
1396/06/25,47220,39953,33450,39100,1244370
1396/06/26,47200,39953,33450,39010,1239290
1396/06/27,46990,39991,33485,38970,1230280
1396/06/28,47000,40112,33515,38930,1211350
1396/06/29,47140,40266,33530,38930,1223130
1396/07/01,47090,40156,33605,38940,1202120
1396/07/02,47070,40156,33605,38920,1211810
1396/07/03,47160,40157,33645,38990,1213660
1396/07/04,47130,39957,33699,39110,1215970
1396/07/05,47010,39783,33757,39060,1211350
1396/07/10,46870,39837,33834,39160,1206970
1396/07/11,46820,39682,33889,39180,1206040
1396/07/12,47130,39934,33942,39370,1215970
1396/07/15,47100,39944,34049,39580,1221740
1396/07/16,47460,39944,34049,39740,1233290
1396/07/17,47850,40008,34084,40250,1255670
1396/07/18,48300,40148,34117,40240,1256140
1396/07/19,47980,40302,34115,40080,1248060
1396/07/22,47330,40404,34179,40010,1243210
1396/07/23,48050,40404,34179,40050,1239510
1396/07/24,48030,40390,34209,40090,1245290
1396/07/25,47950,40334,34244,40100,1235590
1396/07/26,47980,40322,34273,40220,1227740
1396/07/29,47780,40443,34321,40160,1222200
1396/07/30,47880,40443,34321,40120,1217580
1396/08/01,47940,40429,34341,40120,1218970
1396/08/02,48150,40428,34363,40220,1226590
1396/08/03,48200,40470,34422,40280,1226590
1396/08/06,47830,40390,34789,40480,1234900
1396/08/07,48050,40390,34789,40690,1241130
1396/08/08,48050,40659,34954,40550,1239740
1396/08/09,47930,40560,34954,40659,1237900
1396/08/10,47940,40663,34965,40580,1239740
1396/08/13,47680,40643,34999,40530,1242750
1396/08/14,47800,40643,34999,40680,1240440
1396/08/15,47860,40701,35057,40720,1242750
1396/08/16,47820,40736,35099,40700,1242510
1396/08/17,47850,40769,35149,40740,1251520
1396/08/20,48050,41028,35190,40820,1248060
1396/08/21,48260,41028,35190,40930,1248290
1396/08/22,48600,41075,35249,41220,1263520
1396/08/23,48920,41145,35245,41180,1255210
1396/08/24,48990,41559,35240,41020,1261220
1396/08/27,47960,41511,35233,40771,1267680
1396/08/29,48177,41342,35232,40839,1266760
1396/08/30,48600,41364,35240,40930,1258440
1396/09/01,48850,41375,35238,41210,1270450
1396/09/04,49610,41990,35230,41260,1281070
1396/09/05,49630,41990,35230,41170,1278760
1396/09/07,49680,41956,35240,41250,1284760
1396/09/08,49950,41778,35251,41360,1295380
1396/09/11,50000,41951,35277,41490,1300000
1396/09/12,50530,41883,35291,41640,1301390
1396/09/13,50950,41883,35291,41840,1304620
1396/09/14,51180,41909,35304,42010,1310390
1396/09/18,50050,41714,35434,41970,1281760
1396/09/19,50380,41714,35434,42160,1288690
1396/09/20,50450,41811,35499,42120,1291460
1396/09/21,50450,41826,35539,42200,1284990
1396/09/22,50380,41832,35589,42200,1283610
1396/09/25,50030,41913,35659,41930,1280610
1396/09/26,50040,41913,35659,41810,1279920
1396/09/27,50000,41989,35699,41850,1279680
1396/09/28,50110,42143,35750,41920,1287070
1396/09/29,50130,42346,35760,41860,1286840
1396/10/02,50170,42596,35909,41860,1295380
1396/10/03,50300,42596,35909,41940,1299310
1396/10/04,50330,42632,35958,41850,1296770
1396/10/05,50260,42726,35998,41870,1299540
1396/10/06,50330,42751,36039,41940,1311540
1396/10/09,51180,43273,36064,42110,1330940
1396/10/10,52450,43273,36064,42680,1348250
1396/10/11,54350,43289,36059,43080,1371570
1396/10/12,54500,43320,36057,43380,1386110
